date,total_arrivals_qtl
2026-01-01,12429.45
2026-01-02,15618.05
2026-01-03,14211.460000000001
2026-01-04,12368.92
2026-01-05,19200.41
2026-01-06,15489.42
2026-01-07,12662.07
2026-01-08,14827.41
2026-01-09,14533.19
2026-01-10,7716.72
2026-01-11,8997.47
2026-01-12,8708.08
2026-01-13,13915.29
2026-01-14,12501.0
2026-01-15,14909.94
2026-01-16,14638.57
2026-01-17,12705.14
2026-01-18,16952.55
2026-01-19,15779.5
2026-01-20,14416.57
2026-01-21,17940.04
2026-01-22,17116.57
2026-01-23,15426.86
2026-01-24,17760.13
2026-01-25,15220.289999999999
2026-01-26,12836.71
2026-01-27,14343.57
2026-01-28,13081.970000000001
2026-01-29,16794.06
2026-01-30,13913.53
2026-01-31,17966.18
2026-02-01,19828.78
2026-02-02,17641.15
2026-02-03,12645.48
2026-02-04,13844.460000000001
2026-02-05,16559.13
2026-02-06,18451.4
2026-02-07,13349.77
2026-02-08,12055.04
2026-02-09,17123.579999999998
2026-02-10,9469.2
2026-02-11,10839.98
2026-02-12,12315.78
2026-02-13,12727.04
2026-02-14,12217.0
2026-02-15,16765.01
2026-02-16,13459.81
2026-02-17,12159.14
2026-02-18,15825.05
2026-02-19,12654.42
2026-02-20,16785.77
2026-02-21,17613.76
2026-02-22,14919.09
2026-02-23,14677.44
2026-02-24,12295.63
2026-02-25,15881.43
2026-02-26,16118.61
2026-02-27,15607.22
2026-02-28,15755.130000000001
2026-03-01,14072.43
2026-03-02,16350.9
2026-03-03,14645.36
2026-03-04,12639.31
2026-03-05,13519.85
2026-03-06,16556.24
2026-03-07,14546.5
2026-03-08,14679.34
2026-03-09,18376.46
2026-03-10,8412.57
2026-03-11,8552.86
2026-03-12,9351.3
2026-03-13,16360.55
2026-03-14,13378.3
2026-03-15,14258.58
2026-03-16,19752.49
2026-03-17,17295.54
2026-03-18,12388.41
2026-03-19,9496.53
2026-03-20,17448.81
2026-03-21,17898.77
2026-03-22,15504.18
2026-03-23,17067.64
2026-03-24,12386.1
2026-03-25,16161.84
2026-03-26,11096.59
2026-03-27,15019.630000000001
2026-03-28,14026.92
2026-03-29,14359.94
2026-03-30,12314.59
2026-03-31,15048.35
2026-04-01,12711.35
2026-04-02,14365.43
2026-04-03,14078.25
2026-04-04,11933.69
2026-04-05,12577.95
2026-04-06,17871.72
2026-04-07,11331.78
2026-04-08,14245.67
2026-04-09,15241.66
2026-04-10,6701.36
2026-04-11,10578.19
2026-04-12,7803.66
2026-04-13,16777.83
2026-04-14,14229.06
2026-04-15,16465.15
2026-04-16,17286.24
2026-04-17,13845.04
2026-04-18,16913.49
2026-04-19,18969.52
2026-04-20,14025.7
2026-04-21,17106.07
2026-04-22,13022.79
2026-04-23,13804.960000000001
2026-04-24,12852.88
2026-04-25,12572.11
2026-04-26,12224.93
2026-04-27,14311.67
2026-04-28,12029.23
2026-04-29,13909.64
2026-04-30,13461.14
2026-05-01,13807.86
2026-05-02,11419.42
2026-05-03,12530.53
2026-05-04,15777.49
2026-05-05,15058.5
2026-05-06,12005.62
2026-05-07,15716.0
2026-05-08,15047.4
2026-05-09,12796.7
2026-05-10,8556.78
2026-05-11,7018.59
2026-05-12,9467.82
2026-05-13,7533.2
2026-05-14,16078.59
2026-05-15,13092.94
2026-05-16,20731.63
2026-05-17,16728.64
2026-05-18,16785.7
2026-05-19,16690.18
2026-05-20,16931.57
2026-05-21,12660.7
2026-05-22,17160.88
2026-05-23,10149.46
2026-05-24,14490.77
2026-05-25,10527.36
2026-05-26,16614.85
2026-05-27,17903.09
2026-05-28,11790.83
2026-05-29,11521.4
2026-05-30,14050.84
2026-05-31,12043.61
2026-06-01,10273.4
2026-06-02,14341.68
2026-06-03,14071.09
2026-06-04,16249.72
2026-06-05,12851.09
2026-06-06,17523.48
2026-06-07,13568.2
2026-06-08,18805.59
2026-06-09,14563.84
2026-06-10,11917.18
2026-06-11,9369.22
2026-06-12,9846.23
2026-06-13,13593.06
2026-06-14,11708.41
2026-06-15,14844.26
2026-06-16,13591.91
2026-06-17,18709.57
2026-06-18,13100.34
2026-06-19,17251.69
2026-06-20,14687.52
2026-06-21,14254.2
2026-06-22,16310.02
2026-06-23,14609.41
2026-06-24,9566.66
2026-06-25,13411.37
2026-06-26,16726.94
2026-06-27,14054.18
2026-06-28,16005.25
2026-06-29,12310.25
2026-06-30,17216.95
2026-07-01,12252.12
2026-07-02,15376.81
2026-07-03,12950.460000000001
2026-07-04,16163.18
2026-07-05,13428.15
2026-07-06,15388.87
2026-07-07,16185.57
2026-07-08,18881.66
2026-07-09,18310.33
2026-07-10,7499.02
2026-07-11,7327.27
2026-07-12,11546.33
2026-07-13,13159.58
2026-07-14,15371.96
2026-07-15,16135.65
2026-07-16,13113.28
2026-07-17,16363.31
2026-07-18,17347.0
2026-07-19,10847.92
2026-07-20,13851.1
2026-07-21,14862.37
2026-07-22,15816.02
2026-07-23,15105.93
2026-07-24,17198.08
2026-07-25,15278.13
2026-07-26,14385.92
2026-07-27,15416.03
2026-07-28,13256.28
2026-07-29,14412.39
2026-07-30,16092.8
2026-07-31,14758.17
2026-08-01,17540.2
2026-08-02,14792.61
2026-08-03,17188.46
2026-08-04,12123.25
2026-08-05,17067.91
2026-08-06,19115.99
2026-08-07,11336.74
2026-08-08,15072.550000000001
2026-08-09,15038.06
2026-08-10,13930.47
2026-08-11,8600.45
2026-08-12,14345.64
2026-08-13,19228.54
2026-08-14,11479.81
2026-08-15,15017.09
2026-08-16,14648.55
2026-08-17,15806.01
2026-08-18,14279.54
2026-08-19,17536.83
2026-08-20,14653.3
2026-08-21,16210.02
2026-08-22,16769.27
2026-08-23,17396.73
2026-08-24,15791.36
2026-08-25,14673.4
2026-08-26,13172.07
2026-08-27,14871.8
2026-08-28,20856.57
2026-08-29,14843.76
2026-08-30,13658.92
2026-08-31,15089.3
2026-09-01,20002.3
2026-09-02,15697.8
2026-09-03,14534.92
2026-09-04,13435.52
2026-09-05,16670.51
2026-09-06,14782.7
2026-09-07,14971.35
2026-09-08,15815.6
2026-09-09,11455.43
2026-10-01,5202.11
2026-10-02,3971.05
2026-10-03,5230.9400000000005
2026-10-04,5409.02
2026-10-05,2953.74
2026-10-06,6399.51
2026-10-07,3645.1600000000003
2026-10-08,5978.37
2026-11-01,5971.18
2026-11-02,2636.71
2026-11-03,3583.1800000000003
2026-11-04,4237.67
2026-11-05,6271.25
2026-11-06,4115.37
2026-11-07,6785.6
2026-11-08,4145.53
2026-12-01,4138.5
2026-12-02,5770.41
2026-12-03,7996.34
2026-12-04,5838.08
2026-12-05,5257.33
2026-12-06,5445.53
2026-12-07,3292.85
2026-12-08,4990.84
